addon_key,addon_name,description,description_source,description_confidence,category,repo_count,best_repo_stars,freshness_max,opportunity_score,repos
addons,Addons,"## # Theming Support statustimers supports custom (non DAT) themes, for details see _addons\statustimers\themes\README.md_",https://github.com/HealsCodes/statustimers/blob/HEAD/README.md,medium,diagnostics,1,15,4,4.83,HealsCodes/statustimers
aecho,Aecho,## Some of my other repositories - Addon_Manager - PartyBars - WarpMenu - XIVPetBars - StoreMats - ShoutAlert - InstanceNotifier ### _Be sure to check my list of respositories.,https://github.com/Icydeath/ffxi-addons/blob/HEAD/README.md,medium,general_qol,3,69,1,1.86,Icydeath/ffxi-addons;Lygre/addons;mverteuil/windower4-addons
allseeingeye,Allseeingeye,Some addons that I've made for FINAL FANTASY XI for both Windower v4 and Ashita v3,https://github.com/ProjectTako/ffxi-addons,medium,general_qol,2,99,1,2.66,Icydeath/ffxi-addons;ProjectTako/ffxi-addons
ambuloot,Ambuloot,table.vprint(test_table),https://github.com/Icydeath/ffxi-addons/blob/HEAD/ambuloot/ambuloot.lua,high,economy_inventory,1,69,1,3.43,Icydeath/ffxi-addons
anchor,Anchor,bit manipulation helper functions event callback functions,https://github.com/Icydeath/ffxi-addons/blob/HEAD/anchor/anchor.lua,high,general_qol,2,69,1,2.31,Icydeath/ffxi-addons;Lygre/addons
ase,Ase,FFXI quality-of-life addon; see source for commands and configuration details.,heuristic,low,general_qol,1,18,1,3.43,Lygre/addons
assets,assets,A party list addon for Windower 4.,https://github.com/Tylas11/XivParty,medium,general_qol,1,47,4,4.0,Tylas11/XivParty
assist,Assist,# Windower4Addons Addons for FFXI using Windower4 that I (DiscipleOfEris) have written or modified.,https://github.com/DiscipleOfEris/Windower4Addons/blob/HEAD/README.md,medium,automation,2,12,1,3.78,DiscipleOfEris/Assist;DiscipleOfEris/Windower4Addons
atreplace,Atreplace,"For more details: https://www.ffxiah.com/forum/topic/58154/atreplace-autotranslate-in-scripts-and-aliases/ _**USE THIS AT YOUR OWN RISK**_, I did my best to make sure it copied client behavior 100% but it's entirely poss",https://github.com/lili-ffxi/FFXI-Addons/blob/HEAD/atreplace/README.md,medium,general_qol,1,35,4,4.83,lili-ffxi/FFXI-Addons
attackid,Attackid,# attackid idを指定して/attack(戦闘開始)をするアドオン - 使い方 //atkid 123456 sendから使用する //send @others atkid <tid>,https://github.com/Icydeath/ffxi-addons/blob/HEAD/attackid/README.md,medium,general_qol,1,69,1,3.43,Icydeath/ffxi-addons
attackwithme,Attackwithme,"0.0.7: if enabled, slaves will now stay within range of target. settings file added by icy",https://github.com/Icydeath/ffxi-addons/blob/HEAD/attackwithme/attackwithme.lua,high,general_qol,1,69,1,3.43,Icydeath/ffxi-addons
attend,Attend,"Redistribution and use in source and binary forms, with or without modification, are permitted provided that the following conditions are met:",https://github.com/iLVL-Key/FFXI/blob/HEAD/addons/Attend/Attend.lua,high,general_qol,1,22,5,4.83,iLVL-Key/FFXI
auctionhelper,Auctionhelper,Displays a text object with sales information when opening ah menu (if text object is set to show).,https://github.com/Icydeath/ffxi-addons/blob/HEAD/AuctionHelper/README.md,medium,automation,3,79,1,2.21,Icydeath/ffxi-addons;Ivaar/Windower-addons;Lygre/addons
augments,Augments,- augments: search items by name and print their augments to chatlog.,https://github.com/lili-ffxi/FFXI-Addons/blob/HEAD/README.md,medium,general_qol,1,35,4,4.83,lili-ffxi/FFXI-Addons
autoassist,Autoassist,An ffxi windower addon to automatically assist a party member in combat,https://github.com/ekrividus/autoAssist,medium,automation,1,13,1,3.78,ekrividus/autoAssist
autochain,Autochain,## Some of my other repositories - Addon_Manager - PartyBars - WarpMenu - XIVPetBars - StoreMats - ShoutAlert - InstanceNotifier ### _Be sure to check my list of respositories.,https://github.com/Icydeath/ffxi-addons/blob/HEAD/README.md,medium,automation,1,69,1,3.43,Icydeath/ffxi-addons
autocontrol,Autocontrol,"**Abbreviations:** acon, autocontrol **Commands:** 1.",https://github.com/Icydeath/ffxi-addons/blob/HEAD/autocontrol/readme.md,medium,automation,2,69,1,2.31,Icydeath/ffxi-addons;Lygre/addons
autocor,Autocor,4/7/21: fixed fold and snake eye issues being used when it shouldn't be. 1/11/21: Added toggle settings for fold and snake eye,https://github.com/Icydeath/ffxi-addons/blob/HEAD/AutoCOR/AutoCOR.lua,high,automation,2,79,1,2.66,Icydeath/ffxi-addons;Ivaar/Windower-addons
autodnc,Autodnc,"# Windower-addons FFXI Windower addons Support: https://discord.gg/3J38wkE Disclaimer: AuctionHelper, Trade, TradeNPC SellNPC and NPCit inject packet to the ffxi server and have a potential risk of getting you banned.",https://github.com/Ivaar/Windower-addons/blob/HEAD/README.md,medium,automation,1,79,1,3.78,Ivaar/Windower-addons
autogeo,Autogeo,"Some have been modified by me to suit my own needs, full credit goes to the original creators._ **allseeingeye** by Project Tako **AllWarps** by Ivaar - Gives access to the menu options for the following warps: Homepoint",https://github.com/Icydeath/ffxi-addons/blob/HEAD/README.md,medium,automation,2,79,1,2.66,Icydeath/ffxi-addons;Ivaar/Windower-addons
autoinvite,Autoinvite,Statuses that stop you from sending invites. Aliases to access correct modes based on supplied arguments.,https://github.com/Lygre/addons/blob/HEAD/autoinvite/autoinvite.lua,high,automation,1,18,1,3.43,Lygre/addons
autojoin,Autojoin,Aliases to access correct modes based on supplied arguments. String-sets for quick aceess.,https://github.com/Icydeath/ffxi-addons/blob/HEAD/autojoin/autojoin.lua,high,automation,2,69,1,2.31,Icydeath/ffxi-addons;Lygre/addons
automb,autoMB,# autoMB A windower 4 addon that helps with magic bursts.,https://github.com/ekrividus/autoMB/blob/HEAD/README.md,medium,combat_automation,1,7,1,4.0,ekrividus/autoMB
automining,Automining,FFXI quality-of-life addon; see source for commands and configuration details.,heuristic,low,general_qol,1,0,5,4.2,cybersoulwing/AutoMining
autopup,Autopup,default to Automat. Oil +3 if the settings.repairoil is invalid.,https://github.com/Icydeath/ffxi-addons/blob/HEAD/AutoPUP/AutoPUP.lua,high,automation,1,69,1,3.43,Icydeath/ffxi-addons
autora,Autora,"Redistribution and use in source and binary forms, with or without modification, are permitted provided that the following conditions are met:",https://github.com/Icydeath/ffxi-addons/blob/HEAD/AutoRA/AutoRA.lua,high,automation,3,69,1,1.86,Icydeath/ffxi-addons;Lygre/addons;mverteuil/windower4-addons
autoraise,Autoraise,Setup: ------------------------- Configs:------------------------,https://github.com/Icydeath/ffxi-addons/blob/HEAD/AutoRaise/AutoRaise.lua,high,automation,1,69,1,3.43,Icydeath/ffxi-addons
autosc,autoSC,FFXI Windower addon to help with closing skillchains,https://github.com/ekrividus/autoSC,medium,combat_automation,1,5,2,4.0,ekrividus/autoSC
autoskillchain,Autoskillchain,"Some have been modified by me to suit my own needs, full credit goes to the original creators._ **allseeingeye** by Project Tako **AllWarps** by Ivaar - Gives access to the menu options for the following warps: Homepoint",https://github.com/Icydeath/ffxi-addons/blob/HEAD/README.md,medium,automation,1,69,1,3.43,Icydeath/ffxi-addons
autosynth,Autosynth,FFXI quality-of-life addon; see source for commands and configuration details.,heuristic,low,automation,2,18,1,2.31,Lygre/addons;mverteuil/windower4-addons
autounm,Autounm,Info and Display functions,https://github.com/Icydeath/ffxi-addons/blob/HEAD/AutoUNM/autounm.lua,high,automation,1,69,1,3.43,Icydeath/ffxi-addons
autovw,Autovw,12/21/2018 by Icy - Some modifications... [[--------------------------------------------------------,https://github.com/Icydeath/ffxi-addons/blob/HEAD/AutoVW/autoVW.lua,high,automation,1,69,1,3.43,Icydeath/ffxi-addons
autowatch,Autowatch,**update 1/17/2021** autowatch (by Langly) : I've had some success with this one.,https://github.com/Icydeath/ffxi-addons/blob/HEAD/README.md,medium,automation,1,69,1,3.43,Icydeath/ffxi-addons
autows,Autows,Automates weapon skill usage based on configurable TP thresholds and combat conditions.,heuristic,low,automation,2,69,1,2.31,Icydeath/ffxi-addons;Lygre/addons
azuresets,Azuresets,log('Removed spell: '..v..' at #'..slotToRemove) Did not find spell to remove. Start set phase,https://github.com/Icydeath/ffxi-addons/blob/HEAD/azureSets/azuresets.lua,high,general_qol,2,69,1,2.31,Icydeath/ffxi-addons;Lygre/addons
barfiller,Barfiller,[[ BSD License Disclaimer Thanks to smd111 for Packet parsing,https://github.com/mverteuil/windower4-addons/blob/HEAD/barfiller/barfiller.lua,high,ui_gear,1,17,1,3.43,mverteuil/windower4-addons
bars,Bars,"Redistribution and use in source and binary forms, with or without modification, are permitted provided that the following conditions are met:",https://github.com/iLVL-Key/FFXI/blob/HEAD/addons/Bars/Bars.lua,high,ui_gear,1,22,5,4.83,iLVL-Key/FFXI
battlemod,Battlemod,"Redistribution and use in source and binary forms, with or without modification, are permitted provided that the following conditions are met:",https://github.com/Icydeath/ffxi-addons/blob/HEAD/battlemod/generic_helpers.lua,high,general_qol,3,69,1,1.86,Icydeath/ffxi-addons;Lygre/addons;mverteuil/windower4-addons
battleplan,Battleplan,Create the default settings A quick message on the first time BP is loaded,https://github.com/iLVL-Key/FFXI/blob/HEAD/addons/BattlePlan/BattlePlan.lua,high,automation,1,22,5,4.83,iLVL-Key/FFXI
blist,Blist,## Some of my other repositories - Addon_Manager - PartyBars - WarpMenu - XIVPetBars - StoreMats - ShoutAlert - InstanceNotifier ### _Be sure to check my list of respositories.,https://github.com/Icydeath/ffxi-addons/blob/HEAD/README.md,medium,general_qol,1,69,1,3.43,Icydeath/ffxi-addons
bluguide,Bluguide,"Redistribution and use in source and binary forms, with or without modification, are permitted provided that the following conditions are met:",https://github.com/Lygre/addons/blob/HEAD/bluguide/masterlist.lua,high,travel_navigation,2,18,1,2.31,Lygre/addons;mverteuil/windower4-addons
bluspells,Bluspells,Builds summary tables for the stats and traits of the working set. Filters the spell list based on whether it should contain only those included,https://github.com/mousseng/xitools/blob/HEAD/addons/bluspells/bluspells-state.lua,high,general_qol,1,29,4,4.83,mousseng/xitools
boxdestroyer,Boxdestroyer,FFXI quality-of-life addon; see source for commands and configuration details.,heuristic,low,general_qol,2,18,1,2.31,Lygre/addons;mverteuil/windower4-addons
broseem,Broseem,FFXI quality-of-life addon; see source for commands and configuration details.,heuristic,low,general_qol,1,18,1,3.43,Lygre/addons
bursting,Bursting,# WindowerAddons Minor quality-of-life addons.,https://github.com/ValokAsura/WindowerAddons/blob/HEAD/README.md,medium,general_qol,1,14,1,3.78,ValokAsura/WindowerAddons
callouts,Callouts,"Redistribution and use in source and binary forms, with or without modification, are permitted provided that the following conditions are met:",https://github.com/iLVL-Key/FFXI/blob/HEAD/addons/Callouts/Callouts.lua,high,general_qol,1,22,5,4.83,iLVL-Key/FFXI
cancel,Cancel,"Redistribution and use in source and binary forms, with or without modification, are permitted provided that the following conditions are met:",https://github.com/Icydeath/ffxi-addons/blob/HEAD/cancel/cancel.lua,high,general_qol,3,69,1,1.86,Icydeath/ffxi-addons;Lygre/addons;mverteuil/windower4-addons
canteen,Canteen,# Canteen Load it up then //canteen get when in the #10 portal to get canteen.,https://github.com/Icydeath/ffxi-addons/blob/HEAD/Canteen/README.md,medium,general_qol,1,69,1,3.43,Icydeath/ffxi-addons
capetrader,Capetrader,"[[Copyright © 2016, Burntwaffle@Odin",https://github.com/Icydeath/ffxi-addons/blob/HEAD/capetrader/allAugPaths.lua,high,economy_inventory,1,69,1,3.43,Icydeath/ffxi-addons
charmed,Charmed,"## charmed Created by wes, modified by icy v0.3 : Simple addon to show a pink <3 next to charmed alliance members.",https://github.com/Icydeath/ffxi-addons/blob/HEAD/charmed/README.md,medium,general_qol,1,69,1,3.43,Icydeath/ffxi-addons
chars,Chars,# Chars # This addon lets you input special chars using simple tags (e.g.: for ♪).,https://github.com/mverteuil/windower4-addons/blob/HEAD/chars/README.md,medium,general_qol,1,17,1,3.43,mverteuil/windower4-addons
chatfix,Chatfix,# Chatfix **For private servers only.** Fixes chatlog displaying empty lines on private servers after the 10 Sept 2020 update to the retail client.,https://github.com/lili-ffxi/FFXI-Addons/blob/HEAD/chatfix/README.md,medium,general_qol,1,35,4,4.83,lili-ffxi/FFXI-Addons
chatlink,Chatlink,"Matches domain names preceded by a scheme Matches IPv4, optionally preceded by a scheme",https://github.com/mverteuil/windower4-addons/blob/HEAD/ChatLink/ChatLink.lua,high,general_qol,1,17,1,3.43,mverteuil/windower4-addons
chatman,Chatman,Configure chatbased alerts and more commands are as follows: Above commands support the following arguments: Additional commands:,https://github.com/Icydeath/ffxi-addons/blob/HEAD/ChatMan/README.md,medium,general_qol,2,79,1,2.66,Icydeath/ffxi-addons;Ivaar/Windower-addons
chatty,Chatty,"Resets input data to their default values. For simplicity, we share a single object to hold user input for all of the filter configs.",https://github.com/mousseng/xitools/blob/HEAD/addons/chatty/chatty-config.lua,high,general_qol,1,29,4,4.83,mousseng/xitools
checkparam,Checkparam,"# checkparam ## English - /check OR /c (in-game command) - Whenever you /check any player, displays the total of property of that players current equipments.(defined in settings.xml) - //checkparam OR //cp (addon command",https://github.com/Icydeath/ffxi-addons/blob/HEAD/checkparam/README.md,medium,general_qol,1,69,1,3.43,Icydeath/ffxi-addons
chococard,Chococard,"# Windower-addons FFXI Windower addons Support: https://discord.gg/3J38wkE Disclaimer: AuctionHelper, Trade, TradeNPC SellNPC and NPCit inject packet to the ffxi server and have a potential risk of getting you banned.",https://github.com/Ivaar/Windower-addons/blob/HEAD/README.md,medium,general_qol,1,79,1,3.78,Ivaar/Windower-addons
clevel,Clevel,- clevel: prints your current true master level to chatlog while under level sync.,https://github.com/lili-ffxi/FFXI-Addons/blob/HEAD/README.md,medium,general_qol,1,35,4,4.83,lili-ffxi/FFXI-Addons
clickfind,Clickfind,"Prints the X,Y position of the mouse in the chatlog. Triggers when the left mouse button is *released*.",https://github.com/Icydeath/ffxi-addons/blob/HEAD/clickfind/clickfind.lua,high,general_qol,2,69,4,3.71,Icydeath/ffxi-addons;lili-ffxi/FFXI-Addons
clock,Clock,Use loadstring to let Lua interpret things like \n for us,https://github.com/Icydeath/ffxi-addons/blob/HEAD/Clock/Clock.lua,high,general_qol,2,69,1,2.31,Icydeath/ffxi-addons;Lygre/addons
closetcleaner2,Closetcleaner2,"addon: closetCleaner2 A Windower 4 addon that scans your GearSwap lua files and compares the gear they reference against your current inventory, producing a clean report that shows which pieces are unused, which are in a",https://github.com/Gol-exe/closetCleaner2/blob/HEAD/README.md,medium,general_qol,1,0,5,4.2,Gol-exe/closetCleaner2
collector,Collector,- collector: display owned and missing items from an item set.,https://github.com/lili-ffxi/FFXI-Addons/blob/HEAD/README.md,medium,general_qol,1,35,4,4.83,lili-ffxi/FFXI-Addons
colure,Colure,"event system and interface hidden signatures courtesy of Velyn, chat base courtesy of Syllendel Determines if the chat window is fully-expanded.",https://github.com/mousseng/xitools/blob/HEAD/addons/colure/utils.lua,high,general_qol,1,29,4,4.83,mousseng/xitools
consolebg,Consolebg,## Some of my other repositories - Addon_Manager - PartyBars - WarpMenu - XIVPetBars - StoreMats - ShoutAlert - InstanceNotifier ### _Be sure to check my list of respositories.,https://github.com/Icydeath/ffxi-addons/blob/HEAD/README.md,medium,general_qol,3,69,1,1.86,Icydeath/ffxi-addons;Lygre/addons;mverteuil/windower4-addons
crb_addon,Crb Addon,ONCE LOADED SEND A COMMAND TO AUTHENTICATE CONNECTION BEGIN WINDOWER CODE ---------------------------------------------------------------------------------,https://github.com/Icydeath/ffxi-addons/blob/HEAD/crb_addon/crb_addon.lua,high,general_qol,1,69,1,3.43,Icydeath/ffxi-addons
crbaddon,crb_addon,ONCE LOADED SEND A COMMAND TO AUTHENTICATE CONNECTION BEGIN WINDOWER CODE ---------------------------------------------------------------------------------,https://github.com/Icydeath/ffxi-addons/blob/HEAD/crb_addon/crb_addon.lua,high,general_qol,1,69,1,4.0,Icydeath/ffxi-addons
crystaltrader,Crystaltrader,"Table of the elemental crystals/clusters, their itemIDs, quantities, and stack count in the player inventory Read the player inventory",https://github.com/ValokAsura/WindowerAddons/blob/HEAD/CrystalTrader/CrystalTrader.lua,high,economy_inventory,1,14,1,3.78,ValokAsura/WindowerAddons
cureplease_addon,Cureplease Addon,FOR EACH MEMBER REMOVE PREVIOUS CHARACTERS DATA COUNT TOTAL NUMBER OFF BUFFS LOCATED AND BUILD THE BUFF STRING,https://github.com/Icydeath/ffxi-addons/blob/HEAD/CurePlease_addon/CurePlease_addon.lua,high,general_qol,1,69,1,3.43,Icydeath/ffxi-addons
curepleaseaddon,CurePlease_addon,FOR EACH MEMBER REMOVE PREVIOUS CHARACTERS DATA COUNT TOTAL NUMBER OFF BUFFS LOCATED AND BUILD THE BUFF STRING,https://github.com/Icydeath/ffxi-addons/blob/HEAD/CurePlease_addon/CurePlease_addon.lua,high,general_qol,1,69,1,4.0,Icydeath/ffxi-addons
currencies,Currencies,Currencies (by Ivaar) : use commands to find the amount of something that is listed your currency/currency2 in-game menus.,https://github.com/Icydeath/ffxi-addons/blob/HEAD/README.md,medium,general_qol,1,69,1,3.43,Icydeath/ffxi-addons
data,data,Addon from Akirane/XIVHotbar.,https://github.com/Akirane/XIVHotbar,medium,general_qol,5,28,5,4.0,Akirane/XIVHotbar;SQLCommit/LootScope;Technyze/XIVHotbar2;ZeromusXYZ/PacketViewerLogViewer;lorand-ffxi/HealBot
debuff-tracker,Debuff Tracker,Some addons that I've made for FINAL FANTASY XI for both Windower v4 and Ashita v3,https://github.com/ProjectTako/ffxi-addons,medium,automation,1,99,1,3.78,ProjectTako/ffxi-addons
debuffed,Debuffed,FFXI quality-of-life addon; see source for commands and configuration details.,heuristic,low,combat_automation,2,18,1,2.31,Lygre/addons;mverteuil/windower4-addons
debufftracker,debuff-tracker,Some addons that I've made for FINAL FANTASY XI for both Windower v4 and Ashita v3,https://github.com/ProjectTako/ffxi-addons,medium,general_qol,1,99,1,4.0,ProjectTako/ffxi-addons
digger,Digger,FFXI quality-of-life addon; see source for commands and configuration details.,heuristic,low,general_qol,2,18,1,2.31,Lygre/addons;mverteuil/windower4-addons
digskill,Digskill,"# Phayde's Windower Addons > **Quality-of-life addons for Final Fantasy XI, built for the 2026 endgame meta.** > Developed and maintained by **Phayde** on the Windower platform.",https://github.com/Phayde/Windower-addons/blob/HEAD/README.md,medium,general_qol,1,1,5,4.2,Phayde/Windower-addons
distance,Distance,# Distance Emulates the functionality of the Distance plugin.,https://github.com/Lygre/addons/blob/HEAD/distance/readme.md,medium,general_qol,2,18,1,2.31,Lygre/addons;mverteuil/windower4-addons
distanceplus,Distanceplus,1.3.0.2 Fixed up nil's per recommendation on submission to Windower 1.3.0.3 Replaced all tabs for 4 spaces to normalize indentations.,https://github.com/Icydeath/ffxi-addons/blob/HEAD/DistancePlus/DistancePlus.lua,high,general_qol,1,69,1,3.43,Icydeath/ffxi-addons
dostuff,Dostuff,Parse and process commands Need more args from here on,https://github.com/Icydeath/ffxi-addons/blob/HEAD/dostuff/dostuff.lua,high,general_qol,2,69,1,2.31,Icydeath/ffxi-addons;Lygre/addons
dpsmeter,Dpsmeter,FFXI quality-of-life addon; see source for commands and configuration details.,heuristic,low,general_qol,1,0,5,4.2,cybersoulwing/dpsmeter
dramagen,Dramagen,- Dramagen: the only and last parser you will ever need.,https://github.com/lili-ffxi/FFXI-Addons/blob/HEAD/README.md,medium,general_qol,1,35,4,4.83,lili-ffxi/FFXI-Addons
dressup,Dressup,"Redistribution and use in source and binary forms, with or without modification, are permitted provided that the following conditions are met:",https://github.com/Icydeath/ffxi-addons/blob/HEAD/DressUp/DressUp.lua,high,general_qol,3,69,1,1.86,Icydeath/ffxi-addons;Lygre/addons;mverteuil/windower4-addons
drop,Drop,"register chamber, enter chamber, drop lamp ---- If you need further information be sure to check out the addons readme file, otherwise you can skim the addons .lua to get an idea of how it works.",https://github.com/Icydeath/ffxi-addons/blob/HEAD/README.md,medium,general_qol,1,69,1,3.43,Icydeath/ffxi-addons
dupefind,Dupefind,"Dupefind (by Lili, modded by me) : Find and lists duplicate items.",https://github.com/Icydeath/ffxi-addons/blob/HEAD/README.md,medium,general_qol,2,69,4,3.71,Icydeath/ffxi-addons;lili-ffxi/FFXI-Addons
dxui,Dxui,first try to establish our drawing surface then construct all of our consituent pieces,https://github.com/mousseng/xitools/blob/HEAD/addons/dxui/dxui.lua,high,ui_gear,1,29,4,4.83,mousseng/xitools
dynamishelper,Dynamishelper,"Redistribution and use in source and binary forms, with or without modification, are permitted provided that the following conditions are met:",https://github.com/Icydeath/ffxi-addons/blob/HEAD/dynamishelper/dynamishelper.lua,high,automation,2,69,1,2.31,Icydeath/ffxi-addons;mverteuil/windower4-addons
emotes,Emotes,"current character name, race, and target Check what your pronoun is currently set to",https://github.com/iLVL-Key/FFXI/blob/HEAD/addons/emotes/emotes.lua,high,general_qol,1,22,5,4.83,iLVL-Key/FFXI
enemybar,Enemybar,"This is a super cheap fix, but it works.",https://github.com/mverteuil/windower4-addons/blob/HEAD/enemybar/enemybar.lua,high,ui_gear,1,17,1,3.43,mverteuil/windower4-addons
enemybar2,Enemybar2,Evolution of the simpler Windower addon that displays a target health bar prominently onscreen,https://github.com/AkadenTK/enemybar2,medium,ui_gear,1,19,1,3.43,AkadenTK/enemybar2
enternity,Enternity,"**Author:** Giuliano Riccio **Version:** v 1.20131102 # Enternity # Enters ""Enter"" automatically when prompted during a cutscene or when talking to NPCs.",https://github.com/Icydeath/ffxi-addons/blob/HEAD/enternity/README.md,medium,general_qol,3,69,1,1.86,Icydeath/ffxi-addons;Lygre/addons;mverteuil/windower4-addons
equipviewer,Equipviewer,Some addons that I've made for FINAL FANTASY XI for both Windower v4 and Ashita v3,https://github.com/ProjectTako/ffxi-addons,medium,automation,2,99,1,2.66,Icydeath/ffxi-addons;ProjectTako/ffxi-addons
eradebuffed,Eradebuffed,Addons for FFXI using Windower4 that I (DiscipleOfEris) have written or modified.,https://github.com/DiscipleOfEris/Windower4Addons,medium,combat_automation,1,12,1,3.78,DiscipleOfEris/Windower4Addons
eradistanceplus,Eradistanceplus,Addons for FFXI using Windower4 that I (DiscipleOfEris) have written or modified.,https://github.com/DiscipleOfEris/Windower4Addons,medium,general_qol,1,12,1,3.78,DiscipleOfEris/Windower4Addons
erainfobar,Erainfobar,Addons for FFXI using Windower4 that I (DiscipleOfEris) have written or modified.,https://github.com/DiscipleOfEris/Windower4Addons,medium,ui_gear,1,12,1,3.78,DiscipleOfEris/Windower4Addons
erajobchange,Erajobchange,Addons for FFXI using Windower4 that I (DiscipleOfEris) have written or modified.,https://github.com/DiscipleOfEris/Windower4Addons,medium,general_qol,1,12,1,3.78,DiscipleOfEris/Windower4Addons
eramobdrops,Eramobdrops,Addons for FFXI using Windower4 that I (DiscipleOfEris) have written or modified.,https://github.com/DiscipleOfEris/Windower4Addons,medium,general_qol,1,12,1,3.78,DiscipleOfEris/Windower4Addons
eramoblevel,Eramoblevel,Addons for FFXI using Windower4 that I (DiscipleOfEris) have written or modified.,https://github.com/DiscipleOfEris/Windower4Addons,medium,general_qol,1,12,1,3.78,DiscipleOfEris/Windower4Addons
erapointwatch,Erapointwatch,Addons for FFXI using Windower4 that I (DiscipleOfEris) have written or modified.,https://github.com/DiscipleOfEris/Windower4Addons,medium,general_qol,1,12,1,3.78,DiscipleOfEris/Windower4Addons
erascoreboard,Erascoreboard,Addons for FFXI using Windower4 that I (DiscipleOfEris) have written or modified.,https://github.com/DiscipleOfEris/Windower4Addons,medium,general_qol,1,12,1,3.78,DiscipleOfEris/Windower4Addons
eschachest,Eschachest,set this to false if you don't want it to automatically open the boxes when it reads the msg in the chat log. To manually trigger the addon use the below commands:,https://github.com/Icydeath/ffxi-addons/blob/HEAD/EschaChest/EschaChest.lua,high,general_qol,1,69,1,3.43,Icydeath/ffxi-addons
eval,Eval,Author: Aureus Version: 1.0 Addon to evaluate lua code via windower commands Abbreviation: //eval Use //eval to run arbitrary lua code.,https://github.com/Icydeath/ffxi-addons/blob/HEAD/eval/readme.md,medium,general_qol,3,69,1,1.86,Icydeath/ffxi-addons;Lygre/addons;mverteuil/windower4-addons
exorcist,Exorcist,"Redistribution and use in source and binary forms, with or without modification, are permitted provided that the following conditions are met:",https://github.com/iLVL-Key/FFXI/blob/HEAD/addons/Exorcist/Exorcist.lua,high,general_qol,1,22,5,4.83,iLVL-Key/FFXI
export_items,Export Items,## Some of my other repositories - Addon_Manager - PartyBars - WarpMenu - XIVPetBars - StoreMats - ShoutAlert - InstanceNotifier ### _Be sure to check my list of respositories.,https://github.com/Icydeath/ffxi-addons/blob/HEAD/README.md,medium,economy_inventory,1,69,1,3.43,Icydeath/ffxi-addons
exportitems,export_items,## Some of my other repositories - Addon_Manager - PartyBars - WarpMenu - XIVPetBars - StoreMats - ShoutAlert - InstanceNotifier ### _Be sure to check my list of respositories.,https://github.com/Icydeath/ffxi-addons/blob/HEAD/README.md,medium,general_qol,1,69,1,4.0,Icydeath/ffxi-addons
fancytrusts,Fancytrusts,FancyTrusts is an add-on for FFXI's third-party loader and hook Ashita (https://www.ashitaxi.com/).,https://github.com/ariel-logos/FancyTrusts/blob/HEAD/README.md,medium,general_qol,1,5,5,4.2,ariel-logos/FancyTrusts
fastcs,Fastcs,Some addons that I've made for FINAL FANTASY XI for both Windower v4 and Ashita v3,https://github.com/ProjectTako/ffxi-addons,low,general_qol,4,99,1,1.92,Icydeath/ffxi-addons;Lygre/addons;ProjectTako/ffxi-addons;mverteuil/windower4-addons
fastfollow,Fastfollow,Addons for FFXI using Windower4 that I (DiscipleOfEris) have written or modified.,https://github.com/DiscipleOfEris/Windower4Addons,medium,general_qol,2,12,1,3.78,DiscipleOfEris/FastFollow;DiscipleOfEris/Windower4Addons
fasttarget,Fasttarget,# FastTarget Windower 4 addon for FFXI that allow quicker target change.,https://github.com/LordAttilas/FastTarget/blob/HEAD/README.md,medium,general_qol,1,0,5,4.2,LordAttilas/FastTarget
ffxi-zonename,FFXI Zonename,# zonename This addon for Ashita v4 displays the zone and region name for a short time while changing zones.,https://github.com/onimitch/ffxi-zonename/blob/HEAD/README.md,medium,travel_navigation,1,4,5,4.83,onimitch/ffxi-zonename
ffxicaddieprovider,FFXIcaddieprovider,typeNumber 1 is left click down typeNumber 2 is left click up,https://github.com/mverteuil/windower4-addons/blob/HEAD/ffxicaddieProvider/ffxicaddieProvider.lua,high,general_qol,1,17,1,3.43,mverteuil/windower4-addons
ffxidropstop,ffxi-drop-stop,A Lua addon for Windower 4 that prevents accidentally dropping valuable items.,https://github.com/xurion/ffxi-drop-stop,medium,general_qol,1,1,1,4.0,xurion/ffxi-drop-stop
ffxikeys,FFXIkeys,Generate default values for the addon. Returns a dicitionary with defaulted values.,https://github.com/Icydeath/ffxi-addons/blob/HEAD/ffxikeys/util/settings.lua,high,general_qol,1,69,1,3.43,Icydeath/ffxi-addons
ffxizonename,ffxi-zonename,This addon for Ashita v4 displays the zone and region name for a short time while changing zones. This is a port of the Windower Zonename addon.,https://github.com/onimitch/ffxi-zonename,medium,travel_navigation,1,4,5,4.0,onimitch/ffxi-zonename
finalalert,Finalalert,## Some of my other repositories - Addon_Manager - PartyBars - WarpMenu - XIVPetBars - StoreMats - ShoutAlert - InstanceNotifier ### _Be sure to check my list of respositories.,https://github.com/Icydeath/ffxi-addons/blob/HEAD/README.md,medium,general_qol,1,69,1,3.43,Icydeath/ffxi-addons
findall,Findall,"This is to maintain sorting order. I don't know why this was done, but omitting this will sort the bags arbitrarily, which (I guess) was not intended",https://github.com/Icydeath/ffxi-addons/blob/HEAD/findAll/findAll.lua,high,general_qol,3,69,1,1.86,Icydeath/ffxi-addons;Lygre/addons;mverteuil/windower4-addons
fisher,Fisher,"luacheck: std lua51, no max line length",https://github.com/Icydeath/ffxi-addons/blob/HEAD/fisher/data.lua,high,general_qol,2,69,1,2.31,Icydeath/ffxi-addons;mverteuil/windower4-addons
followme,Followme,"added getting KI from SR NPC. //fm sr removed mount feature; Use addon MountRoulette, it works well. ""//mr"" or ""//send @all mr"" to mount and dismount.",https://github.com/Icydeath/ffxi-addons/blob/HEAD/followme/followme.lua,high,general_qol,1,69,1,3.43,Icydeath/ffxi-addons
forms,forms,PacketViewerLogViewer for analyzing FFXI network packets in C-Sharp,https://github.com/ZeromusXYZ/PacketViewerLogViewer,medium,general_qol,1,17,1,4.0,ZeromusXYZ/PacketViewerLogViewer
friendzone,Friendzone,"Put the trusts you want in here, in the order you want them. Use spell names, case sensitive.",https://github.com/Icydeath/ffxi-addons/blob/HEAD/friendzone/friendzone.lua,high,travel_navigation,2,69,4,3.71,Icydeath/ffxi-addons;lili-ffxi/FFXI-Addons
gametime,Gametime,"Redistribution and use in source and binary forms, with or without modification, are permitted provided that the following conditions are met:",https://github.com/Lygre/addons/blob/HEAD/gametime/gametime.lua,high,general_qol,2,18,1,2.31,Lygre/addons;mverteuil/windower4-addons
gaolplan,Gaolplan,Define bosses list with section headers Boss variable names to formatted name matching (so we can display them properly on screen),https://github.com/iLVL-Key/FFXI/blob/HEAD/addons/GaolPlan/GaolPlan.lua,high,automation,1,22,5,4.83,iLVL-Key/FFXI
gearswap,Gearswap,"Redistribution and use in source and binary forms, with or without modification, are permitted provided that the following conditions are met:",https://github.com/Icydeath/ffxi-addons/blob/HEAD/GearSwap/equip_processing.lua,high,ui_gear,3,69,1,1.86,Icydeath/ffxi-addons;Lygre/addons;mverteuil/windower4-addons
gilbox,Gilbox,"# Lili's Addons A collection of addons I wrote for Final Fantasy XI, compatible with the Windower launcher.",https://github.com/lili-ffxi/FFXI-Addons/blob/HEAD/README.md,medium,general_qol,1,35,4,4.83,lili-ffxi/FFXI-Addons
giltracker,Giltracker,"# giltracker This addon displays the current gil, similar to the FFXIV Gil HUD widget.",https://github.com/Icydeath/ffxi-addons/blob/HEAD/giltracker/README.md,medium,general_qol,1,69,1,3.43,Icydeath/ffxi-addons
gmtools,Gmtools,Copy the gmtools folder to your Ashita addons directory 2.,https://github.com/SQLCommit/GMTools/blob/HEAD/README.md,medium,automation,1,2,4,4.83,SQLCommit/GMTools
healbot,Healbot,# HealBot ## Update: HealBot now depends on libs/lor ## NEW: IPC has been added!,https://github.com/Icydeath/ffxi-addons/blob/HEAD/HealBot/readme.md,medium,automation,4,69,1,1.57,Icydeath/ffxi-addons;Lygre/addons;lorand-ffxi/HealBot;mverteuil/windower4-addons
helper,Helper,"Redistribution and use in source and binary forms, with or without modification, are permitted provided that the following conditions are met:",https://github.com/iLVL-Key/FFXI/blob/HEAD/addons/Helper/Helper.lua,high,automation,1,22,5,4.83,iLVL-Key/FFXI
helpers,helpers,PacketViewerLogViewer for analyzing FFXI network packets in C-Sharp,https://github.com/ZeromusXYZ/PacketViewerLogViewer,medium,general_qol,1,17,1,4.0,ZeromusXYZ/PacketViewerLogViewer
highlight,Highlight,Not rolltracker and not battlemod,https://github.com/mverteuil/windower4-addons/blob/HEAD/highlight/highlight.lua,high,general_qol,1,17,1,3.43,mverteuil/windower4-addons
htmb,Htmb,"windower.add_to_chat(170, '')",https://github.com/Icydeath/ffxi-addons/blob/HEAD/htmb/htmb.lua,high,general_qol,2,79,1,2.66,Icydeath/ffxi-addons;Ivaar/Windower-addons
icons,icons,Evolution of the simpler Windower addon that displays a target health bar prominently onscreen,https://github.com/AkadenTK/enemybar2,medium,general_qol,1,19,1,4.0,AkadenTK/enemybar2
impalert,Impalert,FFXI quality-of-life addon; see source for commands and configuration details.,heuristic,low,general_qol,1,18,1,3.43,Lygre/addons
imrecast,Imrecast,@field windowName string @param s RecastSettings?,https://github.com/mousseng/xitools/blob/HEAD/addons/imrecast/imrecast.lua,high,general_qol,1,29,4,4.83,mousseng/xitools
indinope,Indinope,"if any of the bits 0 through 7 are set, a bubble is shown and we want to block it.",https://github.com/lili-ffxi/FFXI-Addons/blob/HEAD/indinope/indinope.lua,high,general_qol,1,35,4,4.83,lili-ffxi/FFXI-Addons
inforeplacer,Inforeplacer,"Redistribution and use in source and binary forms, with or without modification, are permitted provided that the following conditions are met:",https://github.com/mverteuil/windower4-addons/blob/HEAD/InfoReplacer/InfoReplacer.lua,high,general_qol,1,17,1,3.43,mverteuil/windower4-addons
informer,Informer,"Redistribution and use in source and binary forms, with or without modification, are permitted provided that the following conditions are met:",https://github.com/iLVL-Key/FFXI/blob/HEAD/addons/Informer/Informer.lua,high,general_qol,1,22,5,4.83,iLVL-Key/FFXI
instals,Instals,"Redistribution and use in source and binary forms, with or without modification, are permitted provided that the following conditions are met:",https://github.com/Lygre/addons/blob/HEAD/instaLS/instaLS.lua,high,general_qol,2,18,1,2.31,Lygre/addons;mverteuil/windower4-addons
invspace,Invspace,Edit the buy_list in file **InvSpace** by Kenshi - Shows each inventory containers free space in a moveable box **Juggler** by psykad - Juggler is to simplify the use of Ready commands for jug pets **lazyMB** by kotodama,https://github.com/Icydeath/ffxi-addons/blob/HEAD/README.md,medium,economy_inventory,3,69,1,1.86,Icydeath/ffxi-addons;Lygre/addons;mverteuil/windower4-addons
itemizer,Itemizer,#Itemizer Provides a chat/console interface for moving items around between bags.,https://github.com/Icydeath/ffxi-addons/blob/HEAD/itemizer/readme.md,medium,economy_inventory,3,69,1,1.86,Icydeath/ffxi-addons;Lygre/addons;mverteuil/windower4-addons
jingle,Jingle,"Redistribution and use in source and binary forms, with or without modification, are permitted provided that the following conditions are met:",https://github.com/iLVL-Key/FFXI/blob/HEAD/addons/Jingle/Jingle.lua,high,general_qol,1,22,5,4.83,iLVL-Key/FFXI
jobchange,Jobchange,1.0.2 added 'reset' command to simply reset to existing job. Changes sub job to a random starting job and back. 1.0.4 Added /jc main/sub command and organized solve for fewest changes.,https://github.com/Icydeath/ffxi-addons/blob/HEAD/JobChange/jobchange.lua,high,general_qol,1,69,1,3.43,Icydeath/ffxi-addons
jobinit,Jobinit,"- JobInit: like init.txt, but specific per character per job.",https://github.com/lili-ffxi/FFXI-Addons/blob/HEAD/README.md,medium,general_qol,1,35,4,4.83,lili-ffxi/FFXI-Addons
kaomoji,Kaomoji,- kaomoji: minimal kaomoji support for ffxi (behaves like /shrug /tableflip and /unflip do on discord),https://github.com/lili-ffxi/FFXI-Addons/blob/HEAD/README.md,medium,general_qol,1,35,4,4.83,lili-ffxi/FFXI-Addons
latentchecker,Latentchecker,"[[Copyright © 2014-2016, smd111",https://github.com/Lygre/addons/blob/HEAD/latentchecker/latentchecker.lua,high,general_qol,2,18,1,2.31,Lygre/addons;mverteuil/windower4-addons
layouts,layouts,A party list addon for Windower 4.,https://github.com/Tylas11/XivParty,medium,general_qol,1,47,4,4.0,Tylas11/XivParty
lazy,Lazy,FFXI quality-of-life addon; see source for commands and configuration details.,heuristic,low,general_qol,1,17,1,3.43,mverteuil/windower4-addons
leaderboard,Leaderboard,Party/Raid Mode party chat callouts while running Determines which boards are sent to party chat during the //lb all command,https://github.com/iLVL-Key/FFXI/blob/HEAD/addons/Leaderboard/Leaderboard.lua,high,general_qol,1,22,5,4.83,iLVL-Key/FFXI
libs,libs,FFXIV-style crossbar for FFXI -- Based on Edeon's XIVHotbar,https://github.com/AliekberFFXI/xivcrossbar,medium,general_qol,5,69,4,4.0,AliekberFFXI/xivcrossbar;Icydeath/ffxi-addons;Lygre/addons;mousseng/xitools;mverteuil/windower4-addons
linker,Linker,"# Linker Opens certain links via simple console commands, with an optional search string.",https://github.com/Lygre/addons/blob/HEAD/linker/readme.md,medium,general_qol,2,18,1,2.31,Lygre/addons;mverteuil/windower4-addons
llmchat,Llmchat,"Redistribution and use in source and binary forms, with or without modification, are permitted provided that the following conditions are met:",https://github.com/iLVL-Key/FFXI/blob/HEAD/addons/LLMChat/LLMChat.lua,high,general_qol,1,22,5,4.83,iLVL-Key/FFXI
locke,Locke,"This addon was built to test Rufuso's TH Theory: https://www.youtube.com/watch?v=r1pLv_aF7-s Removed the usage of GS, wasn't consistent enough for what I'm trying to accomblish.",https://github.com/Icydeath/ffxi-addons/blob/HEAD/Locke/Locke.lua,high,general_qol,1,69,1,3.43,Icydeath/ffxi-addons
lockpick,Lockpick,"luacheck: std luajit, globals _addon windower",https://github.com/Icydeath/ffxi-addons/blob/HEAD/lockpick/lockpick.lua,high,general_qol,1,69,1,3.43,Icydeath/ffxi-addons
logger,Logger,## Some of my other repositories - Addon_Manager - PartyBars - WarpMenu - XIVPetBars - StoreMats - ShoutAlert - InstanceNotifier ### _Be sure to check my list of respositories.,https://github.com/Icydeath/ffxi-addons/blob/HEAD/README.md,medium,diagnostics,3,69,1,1.86,Icydeath/ffxi-addons;Lygre/addons;mverteuil/windower4-addons
loggers,Loggers,"Check the number of bytes. If it's not evenly divisible by three, zero-pad the ending & append on the correct number of `=`s.",https://github.com/mousseng/xitools/blob/HEAD/addons/loggers/loggers.lua,high,diagnostics,1,29,4,4.83,mousseng/xitools
lootscope,Lootscope,"# LootScope v1.4.1 - Loot Drop Tracker for Ashita v4.3 Loot drop tracker for Ashita v4.3 with statistics, Treasure Hunter monitoring, and a full dashboard UI.",https://github.com/SQLCommit/LootScope/blob/HEAD/README.md,medium,economy_inventory,1,2,5,4.83,SQLCommit/LootScope
lottery,Lottery,## Some of my other repositories - Addon_Manager - PartyBars - WarpMenu - XIVPetBars - StoreMats - ShoutAlert - InstanceNotifier ### _Be sure to check my list of respositories.,https://github.com/Icydeath/ffxi-addons/blob/HEAD/README.md,medium,general_qol,2,69,1,2.31,Icydeath/ffxi-addons;Lygre/addons
luaparser,Luaparser,"## Files - closetCleaner2.lua - Addon entry point (commands, inventory reading, report generation) - luaParser.lua - Text-based parser that extracts gear names from GearSwap lua files - data/settings.xml - User configura",https://github.com/Gol-exe/closetCleaner2/blob/HEAD/README.md,medium,general_qol,1,0,5,4.2,Gol-exe/closetCleaner2
macrochanger,Macrochanger,"Redistribution and use in source and binary forms, with or without modification, are permitted provided that the following conditions are met:",https://github.com/Icydeath/ffxi-addons/blob/HEAD/macrochanger/macrochanger.lua,high,general_qol,2,69,1,2.31,Icydeath/ffxi-addons;mverteuil/windower4-addons
maga,Maga,MASSIVE LOOKUP TABLES AND OTHER CONSTANTS Need to figure out how to handle this section. The Pet: prefix is only used once despite how many augments are used.,https://github.com/Icydeath/ffxi-addons/blob/HEAD/maga/extdata.lua,high,general_qol,1,69,1,3.43,Icydeath/ffxi-addons
magianws,magianws,# MagianWS **Author:** renzler **Version:** 0.0.1 **Date:** 2/26/2026 ## Description MagianWS automatically uses a weaponskill at a configurable TP threshold when the player is engaged.,https://github.com/rouzazari/magianws/blob/HEAD/README.md,medium,combat_automation,1,0,4,4.0,rouzazari/magianws
magicassistant,Magicassistant,"Setting this to true will allow you to see skillchains created by anyone, not just the ones created by your party or alliance You may want to set this to 'true' for fights like Wildskeeper Reives where anyone can attack ",https://github.com/Icydeath/ffxi-addons/blob/HEAD/MagicAssistant/magicassistant.lua,high,automation,2,69,1,2.66,Icydeath/ffxi-addons;ValokAsura/WindowerAddons
map,map,"Addon for Windower 4 for FFXI that allows text commands to utilize homepoint, waypoint and survival guide teleport npcs",https://github.com/AkadenTK/superwarp,medium,general_qol,1,55,4,4.0,AkadenTK/superwarp
masstrade,Masstrade,# MassTrade MassTrade is a Windower addon that allows users to quickly trade large quantities of the same item to either a PC or NPC.,https://github.com/Icydeath/ffxi-addons/blob/HEAD/MassTrade/README.md,medium,economy_inventory,1,69,1,3.43,Icydeath/ffxi-addons
memscope,Memscope,"# MemScope v1.0.3 - Memory Monitoring Addon for Ashita v4.3 A memory monitoring tool that tracks per-addon Lua memory, process memory, and provides growth analysis with historical trends.",https://github.com/SQLCommit/MemScope/blob/HEAD/README.md,medium,diagnostics,1,2,4,4.83,SQLCommit/MemScope
menufix,Menufix,"## Installation Install this addon like any other windower addon: - create a windowerfolder\addons\menufix folder, and put menufix.lua there - edit your windowerfolder\scripts\init.txt and add a line with lua load menufi",https://github.com/lili-ffxi/FFXI-Addons/blob/HEAD/menufix/README.md,medium,general_qol,1,35,4,4.83,lili-ffxi/FFXI-Addons
menus,Menus,Some addons that I've made for FINAL FANTASY XI for both Windower v4 and Ashita v3,https://github.com/ProjectTako/ffxi-addons,medium,automation,1,99,1,3.78,ProjectTako/ffxi-addons
minimap-helper,Minimap Helper,Sets the minimap scale and saves to character configuration.,https://github.com/mousseng/xitools/blob/HEAD/addons/minimap-helper/minimap-helper.lua,high,automation,1,29,4,4.83,mousseng/xitools
minimaphelper,minimap-helper,Some addons and plugins for FFXI (Ashita),https://github.com/mousseng/xitools,medium,general_qol,1,29,4,4.0,mousseng/xitools
moblevel,MobLevel,# Development for this addon has been moved to https://github.com/DiscipleOfEris/Windower4Addons # MobLevel Displays the level of the currently selected mob.,https://github.com/DiscipleOfEris/MobLevel/blob/HEAD/README.md,medium,ui_gear,1,3,1,4.0,DiscipleOfEris/MobLevel
mogchat,Mogchat,# MogChat - FFXI Tell Messenger An Ashita v4 addon for FFXI that provides an instant messenger-style interface for tells.,https://github.com/glitchv0/mogchat/blob/HEAD/README.md,medium,general_qol,1,0,5,4.2,glitchv0/mogchat
mogmover,MogMover,# MogMover A Windower addon for FFXI that automatically moves items from your inventory to designated storage locations when you receive them.,https://github.com/djlabbe/MogMover/blob/HEAD/README.md,medium,economy_inventory,1,0,4,4.0,djlabbe/MogMover
mousehalo,Mousehalo,-- Addons to fix issues on private servers: - chatfix (fixes empty or garbled chat messages) - menufix (fixes crash when opening the status menu) - tellfix (fixes empty or garbled tell messages) Utilities: - clickfind (c,https://github.com/lili-ffxi/FFXI-Addons/blob/HEAD/README.md,medium,general_qol,1,35,4,4.83,lili-ffxi/FFXI-Addons
moveitems,Moveitems,## Some of my other repositories - Addon_Manager - PartyBars - WarpMenu - XIVPetBars - StoreMats - ShoutAlert - InstanceNotifier ### _Be sure to check my list of respositories.,https://github.com/Icydeath/ffxi-addons/blob/HEAD/README.md,medium,economy_inventory,1,69,1,3.43,Icydeath/ffxi-addons
myhome,Myhome,# MyHome ## English - Automatically choose and uses a warp spell or an item.,https://github.com/Icydeath/ffxi-addons/blob/HEAD/MyHome/README.md,medium,general_qol,1,69,1,3.43,Icydeath/ffxi-addons
myomen,Myomen,**myomen** - quick way to use your tele ring to get to omen.,https://github.com/Icydeath/ffxi-addons/blob/HEAD/README.md,medium,general_qol,1,69,1,3.43,Icydeath/ffxi-addons
nnitimer,Nnitimer,[[ Addon is based off ZoneTimer objective = original:split(':')[2],https://github.com/Icydeath/ffxi-addons/blob/HEAD/NniTimer/NniTimer.lua,high,diagnostics,1,69,1,3.43,Icydeath/ffxi-addons
noknock,Noknock,## Some of my other repositories - Addon_Manager - PartyBars - WarpMenu - XIVPetBars - StoreMats - ShoutAlert - InstanceNotifier ### _Be sure to check my list of respositories.,https://github.com/Icydeath/ffxi-addons/blob/HEAD/README.md,medium,general_qol,1,69,1,3.43,Icydeath/ffxi-addons
nostrum,Nostrum,"[[Copyright © 2014-2015, trv",https://github.com/mverteuil/windower4-addons/blob/HEAD/Nostrum/Nostrum.lua,high,general_qol,1,17,1,3.43,mverteuil/windower4-addons
npcinteract,NpcInteract,FFXI Windower addon for multiboxers to reduce tedious switching. Allow your alts to copy your main's NPC interactions.,https://github.com/DiscipleOfEris/NpcInteract,medium,automation,1,7,1,4.0,DiscipleOfEris/NpcInteract
ohnoyoudont,Ohnoyoudont,FFXI quality-of-life addon; see source for commands and configuration details.,heuristic,low,general_qol,2,18,1,2.31,Lygre/addons;mverteuil/windower4-addons
ohshi,Ohshi,Declaring default settings Fill settings from either defaults table or settings.xml,https://github.com/mverteuil/windower4-addons/blob/HEAD/ohShi/default_settings.lua,high,general_qol,1,17,1,3.43,mverteuil/windower4-addons
omen,Omen,"Redistribution and use in source and binary forms, with or without modification, are permitted provided that the following conditions are met:",https://github.com/Icydeath/ffxi-addons/blob/HEAD/Omen/Omen.lua,high,general_qol,2,69,4,3.71,Icydeath/ffxi-addons;mousseng/xitools
ondemand,Ondemand,"Remove byte order mark for UTF-8, if present",https://github.com/lili-ffxi/FFXI-Addons/blob/HEAD/ondemand/ondemand.lua,high,general_qol,1,35,4,4.83,lili-ffxi/FFXI-Addons
oneoffs,Oneoffs,## Some of my other repositories - Addon_Manager - PartyBars - WarpMenu - XIVPetBars - StoreMats - ShoutAlert - InstanceNotifier ### _Be sure to check my list of respositories.,https://github.com/Icydeath/ffxi-addons/blob/HEAD/README.md,medium,general_qol,1,69,1,3.43,Icydeath/ffxi-addons
opensesame,Opensesame,FFXI quality-of-life addon; see source for commands and configuration details.,heuristic,low,general_qol,2,18,1,2.31,Lygre/addons;mverteuil/windower4-addons
organizer,Organizer,"Redistribution and use in source and binary forms, with or without modification, are permitted provided that the following conditions are met:",https://github.com/Icydeath/ffxi-addons/blob/HEAD/organizer/items.lua,high,general_qol,3,69,1,1.86,Icydeath/ffxi-addons;Lygre/addons;mverteuil/windower4-addons
packetviewer,Packetviewer,"Scroll through display packets Precompute hex string tables for lookups, instead of constant computation.",https://github.com/Lygre/addons/blob/HEAD/PacketViewer/PacketViewer.lua,high,diagnostics,2,18,1,2.31,Lygre/addons;mverteuil/windower4-addons
packetviewerlogviewer,Packetviewerlogviewer,PacketViewerLogViewer for analyzing FFXI network packets in C-Sharp,https://github.com/ZeromusXYZ/PacketViewerLogViewer,medium,diagnostics,1,17,1,3.78,ZeromusXYZ/PacketViewerLogViewer
packrat,Packrat,"### Info Packrat was originally created and maintained by Colorglut, who no longer seems to be active.",https://github.com/Mr-Sithel/packrat/blob/HEAD/README.md,medium,general_qol,1,1,5,4.2,Mr-Sithel/packrat
parse,Parse,"debug('key not found, making new') debug('adding value to previous record')",https://github.com/Lygre/addons/blob/HEAD/parse/utility.lua,high,diagnostics,2,18,1,2.66,Lygre/addons;flippant/parse
partybuffs,Partybuffs,Some addons that I've made for FINAL FANTASY XI for both Windower v4 and Ashita v3,https://github.com/ProjectTako/ffxi-addons,medium,automation,2,99,1,2.66,Lygre/addons;ProjectTako/ffxi-addons
partypets,Partypets,## Some of my other repositories - Addon_Manager - PartyBars - WarpMenu - XIVPetBars - StoreMats - ShoutAlert - InstanceNotifier ### _Be sure to check my list of respositories.,https://github.com/Icydeath/ffxi-addons/blob/HEAD/README.md,medium,ui_gear,1,69,1,3.43,Icydeath/ffxi-addons
pet_fix,Pet Fix,"Redistribution and use in source and binary forms, with or without modification, are permitted provided that the following conditions are met:",https://github.com/Lygre/addons/blob/HEAD/pet_fix/pet_fix.lua,high,general_qol,1,18,1,3.43,Lygre/addons
petfix,pet_fix,"Redistribution and use in source and binary forms, with or without modification, are permitted provided that the following conditions are met:",https://github.com/Lygre/addons/blob/HEAD/pet_fix/pet_fix.lua,high,general_qol,1,18,1,4.0,Lygre/addons
petparty,Petparty,# petparty Displays all pet information for your alliance.,https://github.com/Icydeath/ffxi-addons/blob/HEAD/petparty/README.md,medium,ui_gear,1,69,1,3.43,Icydeath/ffxi-addons
pettp,Pettp,FFXI quality-of-life addon; see source for commands and configuration details.,heuristic,low,general_qol,2,18,1,2.31,Lygre/addons;mverteuil/windower4-addons
plasmon,Plasmon,"**Author:** Giuliano Riccio **Version:** v 1.20131021 # Plasmon # This addon tracks plasm, killed mobs and dropped airlixirs during a delve.",https://github.com/mverteuil/windower4-addons/blob/HEAD/plasmon/README.md,medium,general_qol,1,17,1,3.43,mverteuil/windower4-addons
plugin_manager,Plugin Manager,"Redistribution and use in source and binary forms, with or without modification, are permitted provided that the following conditions are met:",https://github.com/Lygre/addons/blob/HEAD/plugin_manager/plugin_manager.lua,high,general_qol,1,18,1,3.43,Lygre/addons
pluginmanager,plugin_manager,"Redistribution and use in source and binary forms, with or without modification, are permitted provided that the following conditions are met:",https://github.com/Lygre/addons/blob/HEAD/plugin_manager/plugin_manager.lua,high,general_qol,1,18,1,4.0,Lygre/addons
pointwatch,Pointwatch,"Redistribution and use in source and binary forms, with or without modification, are permitted provided that the following conditions are met:",https://github.com/Icydeath/ffxi-addons/blob/HEAD/pointwatch/message_ids.lua,high,general_qol,3,69,1,1.86,Icydeath/ffxi-addons;Lygre/addons;mverteuil/windower4-addons
porter,Porter,**Author:** Giuliano Riccio **Version:** v 1.20130529 # Porter # This addon shows the slips' items highlighting those that are stored.,https://github.com/Icydeath/ffxi-addons/blob/HEAD/porter/README.md,medium,economy_inventory,2,69,1,2.31,Icydeath/ffxi-addons;mverteuil/windower4-addons
porterpacker,Porterpacker,# PorterPacker ### Commands: command|alias [optional] //porterpacker or //packer or //po,https://github.com/Icydeath/ffxi-addons/blob/HEAD/PorterPacker/README.md,medium,economy_inventory,2,79,1,2.66,Icydeath/ffxi-addons;Ivaar/Windower-addons
posfind,Posfind,"Return the position of the player character, truncated to 2 decimals. Triggers when left mouse button is pressed.",https://github.com/Icydeath/ffxi-addons/blob/HEAD/posfind/posfind.lua,high,general_qol,2,69,4,3.71,Icydeath/ffxi-addons;lili-ffxi/FFXI-Addons
position_manager,Position Manager,"Redistribution and use in source and binary forms, with or without modification, are permitted provided that the following conditions are met:",https://github.com/lili-ffxi/FFXI-Addons/blob/HEAD/position_manager/position_manager.lua,high,general_qol,1,35,4,4.83,lili-ffxi/FFXI-Addons
positionmanager,position_manager,Addons I wrote for Final Fantasy XI. Compatible with Windower.,https://github.com/lili-ffxi/FFXI-Addons,medium,general_qol,1,35,4,4.0,lili-ffxi/FFXI-Addons
positions,Positions,"# Positions Windower Addon for positioning mules The two functions of this addon are to have a character follow someone, and to have a character go to their position for fighting an nm.",https://github.com/Icydeath/ffxi-addons/blob/HEAD/Positions/README.md,medium,general_qol,1,69,1,3.43,Icydeath/ffxi-addons
pouches,Pouches,Requiring libraries used in this addon These should be saved in addons/libs,https://github.com/Icydeath/ffxi-addons/blob/HEAD/Pouches/Pouches.lua,high,general_qol,3,69,1,1.86,Icydeath/ffxi-addons;Lygre/addons;mverteuil/windower4-addons
pricer,Pricer,FFXI quality-of-life addon; see source for commands and configuration details.,heuristic,low,general_qol,2,18,1,2.31,Lygre/addons;mverteuil/windower4-addons
privres,priv_res,Addon from Akirane/XIVHotbar.,https://github.com/Akirane/XIVHotbar,medium,general_qol,2,18,1,4.0,Akirane/XIVHotbar;Technyze/XIVHotbar2
properties,Properties,PacketViewerLogViewer for analyzing FFXI network packets in C-Sharp,https://github.com/ZeromusXYZ/PacketViewerLogViewer,medium,general_qol,1,17,1,4.0,ZeromusXYZ/PacketViewerLogViewer
questlog,Questlog,# QuestLog used to track progress for adoulin/abyssea quest completion shows abyssea and adoulin quests you have not completed or undertaken ### Commands: ### Color code:,https://github.com/Ivaar/Windower-addons/blob/HEAD/QuestLog/README.md,medium,general_qol,1,79,1,3.78,Ivaar/Windower-addons
quicktrade,Quicktrade,1.8.1 : added Neo Nyzul ??? +1 +2 item's w/ loop support. //qtr loop 10 Tables of the tradeable itemIDs that may be found in the player inventory,https://github.com/Icydeath/ffxi-addons/blob/HEAD/QuickTrade/QuickTrade.lua,high,ui_gear,2,69,1,2.66,Icydeath/ffxi-addons;ValokAsura/WindowerAddons
quicktrade2,QuickTrade 2,Addon from ValokAsura/WindowerAddons.,https://github.com/ValokAsura/WindowerAddons,medium,general_qol,1,14,1,4.0,ValokAsura/WindowerAddons
quicktrade_2,Quicktrade 2,# WindowerAddons Minor quality-of-life addons.,https://github.com/ValokAsura/WindowerAddons/blob/HEAD/README.md,medium,ui_gear,1,14,1,3.78,ValokAsura/WindowerAddons
rcheck,Rcheck,"## addons - xitools is a suite of UI replacement components, check its README for details - recast is a fork of recast that has been imgui-fied - skillchain tracks active and potential skillchains and magic bursts - whee",https://github.com/mousseng/xitools/blob/HEAD/README.md,medium,general_qol,1,29,4,4.83,mousseng/xitools
react,React,Some addons that I've made for FINAL FANTASY XI for both Windower v4 and Ashita v3,https://github.com/ProjectTako/ffxi-addons,medium,automation,2,99,1,2.66,Icydeath/ffxi-addons;ProjectTako/ffxi-addons
readable,Readable,Open the file in write mode Check if the file was opened successfully,https://github.com/lili-ffxi/FFXI-Addons/blob/HEAD/readable/readable.lua,high,general_qol,1,35,4,4.83,lili-ffxi/FFXI-Addons
readycheck,Readycheck,# ReadyCheck ReadyCheck is an Ashita v4 addon for HorizonXI that runs a party/alliance ready check.,https://github.com/Lydya-nick77/readycheck/blob/HEAD/README.md,medium,general_qol,2,22,5,4.83,Lydya-nick77/readycheck;iLVL-Key/FFXI
redist,redist,PacketViewerLogViewer for analyzing FFXI network packets in C-Sharp,https://github.com/ZeromusXYZ/PacketViewerLogViewer,medium,general_qol,1,17,1,4.0,ZeromusXYZ/PacketViewerLogViewer
reive,Reive,"**Author:** Giuliano Riccio **Version:** v 1.20131021 # Reive # This addon tracks exp, bayld, momentum scores and bonuses during a reive.",https://github.com/mverteuil/windower4-addons/blob/HEAD/reive/README.md,medium,general_qol,1,17,1,3.43,mverteuil/windower4-addons
relicge,Relicge,# xitools a collection of addons (and maybe some plugins) for Ashita v4 that I made.,https://github.com/mousseng/xitools/blob/HEAD/README.md,medium,general_qol,1,29,4,4.83,mousseng/xitools
repeater,Repeater,"Redistribution and use in source and binary forms, with or without modification, are permitted provided that the following conditions are met:",https://github.com/Icydeath/ffxi-addons/blob/HEAD/Repeater/Repeater.lua,high,general_qol,1,69,1,3.43,Icydeath/ffxi-addons
repl,Repl,"## addons - xitools is a suite of UI replacement components, check its README for details - recast is a fork of recast that has been imgui-fied - skillchain tracks active and potential skillchains and magic bursts - whee",https://github.com/mousseng/xitools/blob/HEAD/README.md,medium,general_qol,1,29,4,4.83,mousseng/xitools
res,res,"FFXI Windower Addon, Multipurpose gear / buff tracker",https://github.com/sebyg666/GearInfo,medium,general_qol,2,25,1,4.0,ZeromusXYZ/PacketViewerLogViewer;sebyg666/GearInfo
rhombus,Rhombus,"[[Copyright © 2014-2015, trv",https://github.com/mverteuil/windower4-addons/blob/HEAD/Rhombus/Rhombus.lua,high,general_qol,1,17,1,3.43,mverteuil/windower4-addons
roe,Roe,"Redistribution and use in source and binary forms, with or without modification, are permitted provided that the following conditions are met:",https://github.com/Icydeath/ffxi-addons/blob/HEAD/roe/roe.lua,high,general_qol,1,69,1,3.43,Icydeath/ffxi-addons
rollbot,Rollbot,FFXI quality-of-life addon; see source for commands and configuration details.,heuristic,low,automation,1,18,1,3.43,Lygre/addons
rolldistance,Rolldistance,"loop over p1 - p5. p0 is you no party members, hide and do nothing",https://github.com/Icydeath/ffxi-addons/blob/HEAD/rolldistance/rolldistance.lua,high,general_qol,1,69,1,3.43,Icydeath/ffxi-addons
rolltracker,Rolltracker,"If you have rolled a lucky roll, it will also prompt you and automatically stop you from doubling up on it (which can be bypassed by either doubling up again, or typing //rolltracker autostop Enjoy.",https://github.com/Lygre/addons/blob/HEAD/rolltracker/readme.md,medium,general_qol,2,18,1,2.31,Lygre/addons;mverteuil/windower4-addons
rtfm,Rtfm,"FFXI Windower Addon rtfm - Read The Freakin' Move Detect, alert and list mob moves as they occur in-game.",https://github.com/Icydeath/ffxi-addons/blob/HEAD/rtfm/README.md,medium,general_qol,1,69,1,3.43,Icydeath/ffxi-addons
runicportal,Runicportal,"MagicAssistant (by Valok) : updated //maa help for more info RunicPortal (by icy) : Warping via runic portal, get sanction, get assault tag, get assault orders/armband and more.",https://github.com/Icydeath/ffxi-addons/blob/HEAD/README.md,medium,general_qol,1,69,1,3.43,Icydeath/ffxi-addons
safeoboro,Safeoboro,"- SafeOboro: makes everybody around Oboro in Port Jeuno disappear, so that you don't have any risk whatsoever of trading to scammers.",https://github.com/lili-ffxi/FFXI-Addons/blob/HEAD/README.md,medium,general_qol,1,35,4,4.83,lili-ffxi/FFXI-Addons
salvage2,Salvage2,Author: Krizz Version: .5 Date: 20130601 Salvage2 Abbreviation: //s2 Commands: * help - Shows a menu of commands in game * pos <x> <y> - Positions the pathos remaining box.,https://github.com/mverteuil/windower4-addons/blob/HEAD/salvage2/README.md,medium,general_qol,1,17,1,3.43,mverteuil/windower4-addons
satacast,Satacast,FFXI quality-of-life addon; see source for commands and configuration details.,heuristic,low,general_qol,1,17,1,3.43,mverteuil/windower4-addons
scanzone,Scanzone,Some addons that I've made for FINAL FANTASY XI for both Windower v4 and Ashita v3,https://github.com/ProjectTako/ffxi-addons,medium,travel_navigation,1,99,1,3.78,ProjectTako/ffxi-addons
schskillchain,Schskillchain,t or bt) - auto_dark_arts: use dark arts if you don't use dark arts.,https://github.com/Icydeath/ffxi-addons/blob/HEAD/schskillchain/README.md,medium,combat_automation,1,69,1,3.43,Icydeath/ffxi-addons
scoreboard,Scoreboard,FFXI quality-of-life addon; see source for commands and configuration details.,heuristic,low,general_qol,2,18,1,2.31,Lygre/addons;mverteuil/windower4-addons
scriptedextender,Scriptedextender,## Some of my other repositories - Addon_Manager - PartyBars - WarpMenu - XIVPetBars - StoreMats - ShoutAlert - InstanceNotifier ### _Be sure to check my list of respositories.,https://github.com/Icydeath/ffxi-addons/blob/HEAD/README.md,medium,general_qol,1,69,1,3.43,Icydeath/ffxi-addons
sellnpc,Sellnpc,"# SellNPC ### Command Usage: Sales are now triggered by opening a shop window, you will need to queue items prior to this.",https://github.com/Icydeath/ffxi-addons/blob/HEAD/SellNPC/README.md,medium,economy_inventory,4,79,1,1.92,Icydeath/ffxi-addons;Ivaar/Windower-addons;Lygre/addons;mverteuil/windower4-addons
send,Send,"## Usage The target can be the receiver's name, @all to send to all instances, @other to send to all instances excluding the sender or @<job> to send to a specific job.",https://github.com/Icydeath/ffxi-addons/blob/HEAD/send/readme.md,medium,general_qol,2,69,1,2.31,Icydeath/ffxi-addons;Lygre/addons
sendalltarget,Sendalltarget,"Abbreviation: //sat, //sendalltarget Commands: * //sat alltarget - All boxes on this computer target whatever the sender is targetting.",https://github.com/Icydeath/ffxi-addons/blob/HEAD/SendAllTarget/README.md,medium,combat_automation,1,69,1,3.43,Icydeath/ffxi-addons
sendtarget,Sendtarget,# Development for this addon has been moved to https://github.com/DiscipleOfEris/Windower4Addons # SendTarget FFXI Windower addon that allows multiboxers to more easily send commands.,https://github.com/DiscipleOfEris/SendTarget/blob/HEAD/README.md,medium,combat_automation,3,69,1,2.66,DiscipleOfEris/SendTarget;DiscipleOfEris/Windower4Addons;Icydeath/ffxi-addons
setbgm,Setbgm,FFXI quality-of-life addon; see source for commands and configuration details.,heuristic,low,general_qol,1,17,1,3.43,mverteuil/windower4-addons
settarget,Settarget,## Some of my other repositories - Addon_Manager - PartyBars - WarpMenu - XIVPetBars - StoreMats - ShoutAlert - InstanceNotifier ### _Be sure to check my list of respositories.,https://github.com/Icydeath/ffxi-addons/blob/HEAD/README.md,medium,combat_automation,1,69,1,3.43,Icydeath/ffxi-addons
shortcuts,Shortcuts,"#Shortcuts v2.9 ####written by Byrth Completes and properly formats commands (prefixed by at least one '/'), including emotes and checks.",https://github.com/Icydeath/ffxi-addons/blob/HEAD/shortcuts/readme.md,medium,general_qol,3,69,1,1.86,Icydeath/ffxi-addons;Lygre/addons;mverteuil/windower4-addons
silence,Silence,"Use the line ""silence mode 0"" to not allow any lines to go through.",https://github.com/Icydeath/ffxi-addons/blob/HEAD/Silence/readme.md,medium,general_qol,2,69,1,2.31,Icydeath/ffxi-addons;mverteuil/windower4-addons
silttracker,Silttracker,"Redistribution and use in source and binary forms, with or without modification, are permitted provided that the following conditions are met:",https://github.com/lili-ffxi/FFXI-Addons/blob/HEAD/silttracker/silttracker.lua,high,general_qol,1,35,4,4.83,lili-ffxi/FFXI-Addons
simpleassist,Simpleassist,## Some of my other repositories - Addon_Manager - PartyBars - WarpMenu - XIVPetBars - StoreMats - ShoutAlert - InstanceNotifier ### _Be sure to check my list of respositories.,https://github.com/Icydeath/ffxi-addons/blob/HEAD/README.md,medium,automation,1,69,1,3.43,Icydeath/ffxi-addons
singer,Singer,# Sing ### Automates casting of bard buff songs.,https://github.com/Icydeath/ffxi-addons/blob/HEAD/Singer/README.md,medium,general_qol,2,79,1,2.66,Icydeath/ffxi-addons;Ivaar/Windower-addons
sirpopalot,Sirpopalot,## Some of my other repositories - Addon_Manager - PartyBars - WarpMenu - XIVPetBars - StoreMats - ShoutAlert - InstanceNotifier ### _Be sure to check my list of respositories.,https://github.com/Icydeath/ffxi-addons/blob/HEAD/README.md,medium,general_qol,1,69,1,3.43,Icydeath/ffxi-addons
skillchain,Skillchain,Some addons and plugins for FFXI (Ashita),https://github.com/mousseng/xitools,medium,combat_automation,3,29,4,3.26,Lygre/addons;mousseng/xitools;mverteuil/windower4-addons
skillchains,Skillchains,# SkillChains ### Active Battle Skillchain Display.,https://github.com/Icydeath/ffxi-addons/blob/HEAD/Skillchains/README.md,medium,combat_automation,4,69,2,2.27,Icydeath/ffxi-addons;Ivaar/Skillchains;Lygre/addons;mverteuil/windower4-addons
skilluptracker,Skilluptracker,**Author:** Mujihina **Version:** v 1.02 # Skillcaps # This addon will keep track of your current skill levels (as a floating number) and their caps.,https://github.com/Lygre/addons/blob/HEAD/skilluptracker/README.md,medium,general_qol,1,18,1,3.43,Lygre/addons
smarttarget,Smarttarget,Split a comma-separated settings string into a clean sequential Lua table. Serialize a list table back to a comma-separated string for saving.,https://github.com/Phayde/Windower-addons/blob/HEAD/smarttarget/smarttarget.lua,high,combat_automation,2,69,5,3.43,Icydeath/ffxi-addons;Phayde/Windower-addons
smeagol,Smeagol,"A bit facetious, but working.) Complete addons: - Smeagol: automatically use CP/XP rings (and gear).",https://github.com/lili-ffxi/FFXI-Addons/blob/HEAD/README.md,medium,general_qol,1,35,4,4.83,lili-ffxi/FFXI-Addons
sparks,Sparks,"**unm** - Updated to Darkdoom's v2, further modified the script to include the force option; which allows the player to continue to pop the unm even if sparks are capped.",https://github.com/Icydeath/ffxi-addons/blob/HEAD/README.md,medium,general_qol,3,69,1,1.86,Icydeath/ffxi-addons;Lygre/addons;mverteuil/windower4-addons
special,Special,"# Lili's Addons A collection of addons I wrote for Final Fantasy XI, compatible with the Windower launcher.",https://github.com/lili-ffxi/FFXI-Addons/blob/HEAD/README.md,medium,general_qol,1,35,4,4.83,lili-ffxi/FFXI-Addons
speedchecker,Speedchecker,FFXI quality-of-life addon; see source for commands and configuration details.,heuristic,low,general_qol,2,18,1,2.31,Lygre/addons;mverteuil/windower4-addons
spellcheck,Spellcheck,#SpellCheck This addon lists spells you haven't unlocked yet.,https://github.com/Lygre/addons/blob/HEAD/SpellCheck/README.md,medium,general_qol,2,18,1,2.31,Lygre/addons;mverteuil/windower4-addons
spellspammer,Spellspammer,**spellSpammer** by Lorand - Set the list of spells that you want to spam in file.,https://github.com/Icydeath/ffxi-addons/blob/HEAD/README.md,medium,general_qol,1,69,1,3.43,Icydeath/ffxi-addons
sprint,Sprint,FFXI quality-of-life addon; see source for commands and configuration details.,heuristic,low,general_qol,2,18,1,2.31,Lygre/addons;mverteuil/windower4-addons
stars,Stars,# Stars An addon which filters messages based on a filter.,https://github.com/Icydeath/ffxi-addons/blob/HEAD/Stars/README.md,medium,general_qol,1,69,1,3.43,Icydeath/ffxi-addons
stats,Stats,# Stats - FFXI Windower Addon **Author:** Garyfromwork **Version:** 1.0.0 **Commands:** //stats or //st ## Overview Stats is a comprehensive combat statistics tracking addon for Final Fantasy XI (Windower).,https://github.com/garyfromwork/Stats/blob/HEAD/README.md,medium,diagnostics,1,1,4,4.0,garyfromwork/Stats
statsearch,Statsearch,"# statsearch **NOTE:** due to limitations of the extdata library of windower, statsearch is currently unable to read text from some items, mainly divergence weapons/necks and odyssey gear.",https://github.com/lili-ffxi/FFXI-Addons/blob/HEAD/statsearch/README.md,medium,general_qol,2,69,4,3.71,Icydeath/ffxi-addons;lili-ffxi/FFXI-Addons
stna,Stna,FFXI quality-of-life addon; see source for commands and configuration details.,heuristic,low,general_qol,1,18,1,3.43,Lygre/addons
stopwatch,Stopwatch,**Commands:** sw start to start the stopwatch sw stop to pause the stopwatch sw reset to reset the stopwatch cumulative time to 0 Addon by Patrick Finnigan (Puhfyn@Ragnarok) - https://github.com/finnigantime.,https://github.com/Lygre/addons/blob/HEAD/stopwatch/readme.md,medium,general_qol,1,18,1,3.43,Lygre/addons
strathelper,Strathelper,FFXI quality-of-life addon; see source for commands and configuration details.,heuristic,low,automation,1,17,1,3.43,mverteuil/windower4-addons
strats,Strats,# xitools a collection of addons (and maybe some plugins) for Ashita v4 that I made.,https://github.com/mousseng/xitools/blob/HEAD/README.md,medium,general_qol,1,29,4,4.83,mousseng/xitools
subtarget,Subtarget,"Redistribution and use in source and binary forms, with or without modification, are permitted provided that the following conditions are met:",https://github.com/Icydeath/ffxi-addons/blob/HEAD/SubTarget/SubTarget.lua,high,combat_automation,2,69,1,2.31,Icydeath/ffxi-addons;Lygre/addons
superwarp,Superwarp,# superwarp This is an addon for Windower4 for FFXI.,https://github.com/AkadenTK/superwarp/blob/HEAD/README.md,medium,travel_navigation,2,69,4,3.71,AkadenTK/superwarp;Icydeath/ffxi-addons
sweeper,Sweeper,"Sweeper is a game where your objective is to uncover all safe tiles on the board, while avoiding hitting the Goblin Bombs hidden by Boombox. - Left-click to reveal a tile - Right-click to mark a tile as a Goblin Bomb",https://github.com/iLVL-Key/FFXI/blob/HEAD/addons/Sweeper/readme.md,high,general_qol,1,22,5,4.83,iLVL-Key/FFXI
synergy,Synergy,log('x hit ' .. tostring(x_bool)) log('y hit ' .. tostring(y_bool)),https://github.com/Icydeath/ffxi-addons/blob/HEAD/Synergy/Helper_functions.lua,high,general_qol,1,69,1,3.43,Icydeath/ffxi-addons
synthall,Synthall,FFXI quality-of-life addon; see source for commands and configuration details.,heuristic,low,general_qol,2,18,1,2.31,Lygre/addons;mverteuil/windower4-addons
taps,Taps,FFXI quality-of-life addon; see source for commands and configuration details.,heuristic,low,general_qol,1,17,1,3.43,mverteuil/windower4-addons
targeter,Targeter,# FFXI Targeter *Note: This is a work in progress.,https://github.com/Icydeath/ffxi-addons/blob/HEAD/targeter/README.md,medium,combat_automation,1,69,1,3.43,Icydeath/ffxi-addons
targetinfo,Targetinfo,"# TargetInfo # This addon shows some memory information of your current target, provided the target is an NPC.",https://github.com/mverteuil/windower4-addons/blob/HEAD/targetinfo/readme.md,medium,combat_automation,1,17,1,3.43,mverteuil/windower4-addons
targetinfoex,Targetinfoex,"# TargetInfo # This addon shows some memory information of your current target, provided the target is an NPC.",https://github.com/Icydeath/ffxi-addons/blob/HEAD/targetinfoEx/readme.md,medium,combat_automation,1,69,1,3.43,Icydeath/ffxi-addons
targetplus,Targetplus,"Enhancing Targetting, aka Better F8 https://pastebin.com/Kqbq1YeF",https://github.com/Icydeath/ffxi-addons/blob/HEAD/TargetPlus/TargetPlus.lua,high,combat_automation,1,69,1,3.43,Icydeath/ffxi-addons
taskbar,Taskbar,"TaskBar is a quality-of-life Windower addon for Final Fantasy XI that adds a customizable, in-game Windows Start Menu-style interface for quick access to commonly used addon commands. It features a static ""TASKBAR"" butto",https://github.com/iLVL-Key/FFXI/blob/HEAD/addons/TaskBar/readme.md,high,ui_gear,1,22,5,4.83,iLVL-Key/FFXI
tellapart,Tellapart,"- tellapart: add progressive letters to mobs with identical names: Mandragora A, Mandragora B, Mandragora C, etc, instead of endless identical Mandragoras.",https://github.com/lili-ffxi/FFXI-Addons/blob/HEAD/README.md,medium,general_qol,1,35,4,4.83,lili-ffxi/FFXI-Addons
tellfix,Tellfix,# Tellfix **For private servers only.** Fixes being unable to send tells on private servers after the 10 Sept 2020 update to the retail client.,https://github.com/lili-ffxi/FFXI-Addons/blob/HEAD/tellfix/README.md,medium,general_qol,1,35,4,4.83,lili-ffxi/FFXI-Addons
text,Text,FFXI quality-of-life addon; see source for commands and configuration details.,heuristic,low,general_qol,1,18,1,3.43,Lygre/addons
textures,textures,"FFXI Windower Addon, Multipurpose gear / buff tracker",https://github.com/sebyg666/GearInfo,medium,general_qol,1,25,1,4.0,sebyg666/GearInfo
themes,themes,Addon from Akirane/XIVHotbar.,https://github.com/Akirane/XIVHotbar,medium,general_qol,4,18,1,4.0,Akirane/XIVHotbar;AliekberFFXI/xivcrossbar;Icydeath/ffxi-xivpetbar-addon;Technyze/XIVHotbar2
thfknife,Thfknife,"Redistribution and use in source and binary forms, with or without modification, are permitted provided that the following conditions are met:",https://github.com/Icydeath/ffxi-addons/blob/HEAD/ThfKnife/ThfKnife.lua,high,general_qol,1,69,1,3.43,Icydeath/ffxi-addons
thtracker,Thtracker,Authors: Krizz Version: 1.0 Date: 20170509 TH Tracker Abbreviation: //th Commands: * help - Shows a menu of commands in game * pos x y - Positions the TH box.,https://github.com/Icydeath/ffxi-addons/blob/HEAD/thtracker/readme.md,medium,general_qol,2,69,1,2.31,Icydeath/ffxi-addons;mverteuil/windower4-addons
timestamp,Timestamp,**Author:** Giuliano Riccio **Version:** v 1.20131102 # Timestamp # This addon prefixes any chat message with a timestamp.,https://github.com/Icydeath/ffxi-addons/blob/HEAD/timestamp/README.md,medium,general_qol,2,69,1,2.31,Icydeath/ffxi-addons;Lygre/addons
tiptoes,Tiptoes,"- tiptoes: applies Sneak and Invisible with a single command according to job: supports spells, Spectral Jig, Ninjutsu, and items (Silent Oils and Prism Powders).",https://github.com/lili-ffxi/FFXI-Addons/blob/HEAD/README.md,medium,general_qol,1,35,4,4.83,lili-ffxi/FFXI-Addons
tonic,Tonic,"Information: * Author: ybot * tonic makes it easier to use Escha temp items Abbreviation: //tonic, //ton Commands: * //tonic help -- Shows all addon commands * //tonic ""Item Name"" -- Uses specified item.",https://github.com/Icydeath/ffxi-addons/blob/HEAD/tonic/README.md,medium,general_qol,1,69,1,3.43,Icydeath/ffxi-addons
tourist,Tourist,An addon for FFXI Windower 4 that shows a zone-specific loading screen every time the game loads a new zone. ,https://github.com/Bryenne-Sylph/tourist,medium,travel_navigation,1,3,4,4.83,Bryenne-Sylph/tourist
tparty,Tparty,Adjust position for party member count Adjust position for party member count,https://github.com/Icydeath/ffxi-addons/blob/HEAD/TParty/TParty.lua,high,ui_gear,3,69,1,1.86,Icydeath/ffxi-addons;Lygre/addons;mverteuil/windower4-addons
tpsreport,Tpsreport,- TPSReport: exports an XML list of current alliance members.,https://github.com/lili-ffxi/FFXI-Addons/blob/HEAD/README.md,medium,general_qol,1,35,4,4.83,lili-ffxi/FFXI-Addons
trade,Trade,# Trade #### Accepts trade requests and confirms from whitelisted players.,https://github.com/Ivaar/Windower-addons/blob/HEAD/Trade/README.md,medium,economy_inventory,3,79,1,2.21,Icydeath/ffxi-addons;Ivaar/Windower-addons;Lygre/addons
tradenpc,Tradenpc,# TradeNPC Trade an npc up to 8 stacks of items and gil with a single command.,https://github.com/Icydeath/ffxi-addons/blob/HEAD/TradeNPC/README.md,medium,economy_inventory,2,79,1,2.66,Icydeath/ffxi-addons;Ivaar/Windower-addons
trader,Trader,"{ id=, name="" Abjuration: Head"", nq="" "", hq="" +1"", nqcursed="" "", hqcursed="" "", jobs="""", zone=""Escha - Ru'Aun"", mob="""", }, { id=, name="" Abjuration: Body"", nq="" "", hq="" +1"", nqcursed="" "", hqcursed="" "", jobs="""", zone=""Esch",https://github.com/Icydeath/ffxi-addons/blob/HEAD/Trader/abjuration_info.lua,high,economy_inventory,1,69,1,3.43,Icydeath/ffxi-addons
translate,Translate,FFXI quality-of-life addon; see source for commands and configuration details.,heuristic,low,general_qol,1,18,1,3.43,Lygre/addons
trashit,Trashit,"# Phayde's Windower Addons > **Quality-of-life addons for Final Fantasy XI, built for the 2026 endgame meta.** > Developed and maintained by **Phayde** on the Windower platform.",https://github.com/Phayde/Windower-addons/blob/HEAD/README.md,medium,general_qol,1,1,5,4.2,Phayde/Windower-addons
treasurepool,Treasurepool,## Some of my other repositories - Addon_Manager - PartyBars - WarpMenu - XIVPetBars - StoreMats - ShoutAlert - InstanceNotifier ### _Be sure to check my list of respositories.,https://github.com/Icydeath/ffxi-addons/blob/HEAD/README.md,medium,general_qol,2,69,1,2.31,Icydeath/ffxi-addons;Lygre/addons
treasury,Treasury,## Some of my other repositories - Addon_Manager - PartyBars - WarpMenu - XIVPetBars - StoreMats - ShoutAlert - InstanceNotifier ### _Be sure to check my list of respositories.,https://github.com/Icydeath/ffxi-addons/blob/HEAD/README.md,medium,general_qol,3,69,1,1.86,Icydeath/ffxi-addons;Lygre/addons;mverteuil/windower4-addons
trials,Trials,# xitools a collection of addons (and maybe some plugins) for Ashita v4 that I made.,https://github.com/mousseng/xitools/blob/HEAD/README.md,medium,general_qol,1,29,4,4.83,mousseng/xitools
trialtracker,Trialtracker,"# Lili's Addons A collection of addons I wrote for Final Fantasy XI, compatible with the Windower launcher.",https://github.com/lili-ffxi/FFXI-Addons/blob/HEAD/README.md,medium,general_qol,1,35,4,4.83,lili-ffxi/FFXI-Addons
triggers,Triggers,**Author:** Mujihina **Version:** v1.0 # triggers # This addon will: - Let you set a text trigger and command response to it.,https://github.com/Icydeath/ffxi-addons/blob/HEAD/triggers/README.md,medium,general_qol,1,69,1,3.43,Icydeath/ffxi-addons
truesight,Truesight,FFXI quality-of-life addon; see source for commands and configuration details.,heuristic,low,general_qol,1,17,1,3.43,mverteuil/windower4-addons
trust,Trust,# Trust ## Summary Trust is a Windower 4 addon for FFXI that turns your character into a Trust.,https://github.com/cyritegamestudios/trust/blob/HEAD/README.md,medium,automation,1,49,5,4.83,cyritegamestudios/trust
turnaround,Turnaround,Some addons that I've made for FINAL FANTASY XI for both Windower v4 and Ashita v3,https://github.com/ProjectTako/ffxi-addons,medium,automation,1,99,1,3.78,ProjectTako/ffxi-addons
ui,Ui,FFXIV-style crossbar for FFXI -- Based on Edeon's XIVHotbar,https://github.com/AliekberFFXI/xivcrossbar,medium,ui_gear,1,17,1,3.78,AliekberFFXI/xivcrossbar
update,Update,# Update Once loaded can update all addons and plugins to the newest version using //update.,https://github.com/Lygre/addons/blob/HEAD/update/readme.md,medium,general_qol,2,18,1,2.31,Lygre/addons;mverteuil/windower4-addons
useall,Useall,"# Lili's Addons A collection of addons I wrote for Final Fantasy XI, compatible with the Windower launcher.",https://github.com/lili-ffxi/FFXI-Addons/blob/HEAD/README.md,medium,general_qol,1,35,4,4.83,lili-ffxi/FFXI-Addons
valkyrie,Valkyrie,# Valkyrie A windower addon to streamline Einherjar entry.,https://github.com/Icydeath/ffxi-addons/blob/HEAD/Valkyrie/README.md,medium,general_qol,1,69,1,3.43,Icydeath/ffxi-addons
vanaclock,Vanaclock,# vanaclock Addon for FFXI to implement a vanadiel clock into the game.,https://github.com/BagTown/vanaclock/blob/HEAD/README.md,medium,general_qol,1,3,5,4.2,BagTown/vanaclock
vanafacts,Vanafacts,All commands must be preceded with either //vanafacts or //vf (ex: //vf repeat) - repeat/r - Repeat the last Fact displayed. - help - Display a list of commands and addon info.,https://github.com/iLVL-Key/FFXI/blob/HEAD/addons/VanaFacts/readme.md,high,general_qol,1,22,5,4.83,iLVL-Key/FFXI
vanapad,Vanapad,"- Mouse interface! - Type directly into VanaPad without using the games chatlog. - Save up to 10 notes, organized into tabs. - Copy a note to the clipboard to be able to paste into your chat log or anywhere on your PC! -",https://github.com/iLVL-Key/FFXI/blob/HEAD/addons/VanaPad/readme.md,high,general_qol,1,22,5,4.83,iLVL-Key/FFXI
vanatime,Vanatime,The vanatime.lua library is required and must be placed into either the vanaclock addon directory or the addons/libs directory.,https://github.com/BagTown/vanaclock/blob/HEAD/README.md,medium,general_qol,1,3,5,4.2,BagTown/vanaclock
vanity,Vanity,All commands must be preceded with either //vanity or //van (ex: //van set) [optional] <required> - combat/c - Display lockstyles for your current job in combat zones. - town/t - Display lockstyles for your current job i,https://github.com/iLVL-Key/FFXI/blob/HEAD/addons/Vanity/readme.md,high,general_qol,1,22,5,4.83,iLVL-Key/FFXI
visiblefavor,Visiblefavor,FFXI quality-of-life addon; see source for commands and configuration details.,heuristic,low,general_qol,1,17,1,3.43,mverteuil/windower4-addons
voidwalker,Voidwalker,## Some of my other repositories - Addon_Manager - PartyBars - WarpMenu - XIVPetBars - StoreMats - ShoutAlert - InstanceNotifier ### _Be sure to check my list of respositories.,https://github.com/Icydeath/ffxi-addons/blob/HEAD/README.md,medium,general_qol,1,69,1,3.43,Icydeath/ffxi-addons
voidwatch,Voidwatch,## Some of my other repositories - Addon_Manager - PartyBars - WarpMenu - XIVPetBars - StoreMats - ShoutAlert - InstanceNotifier ### _Be sure to check my list of respositories.,https://github.com/Icydeath/ffxi-addons/blob/HEAD/README.md,medium,general_qol,1,69,1,3.43,Icydeath/ffxi-addons
vwpop,Vwpop,## Some of my other repositories - Addon_Manager - PartyBars - WarpMenu - XIVPetBars - StoreMats - ShoutAlert - InstanceNotifier ### _Be sure to check my list of respositories.,https://github.com/Icydeath/ffxi-addons/blob/HEAD/README.md,medium,general_qol,1,69,1,3.43,Icydeath/ffxi-addons
warpmenu,Warpmenu,ADDING|REMOVING HOMEPOINT WARP TO WINDOW //wm window1 add 2 lower jeuno //wm window2 remove 1 western adoulin ADDING|REMOVING SURVIVAL GUIDE WARP TO WINDOW //wm win1 a gusgen mines //wm win1 r gusgen mines TOGGLE WARP AL,https://github.com/Icydeath/ffxi-addons/blob/HEAD/WarpMenu/README.md,medium,travel_navigation,1,69,1,3.43,Icydeath/ffxi-addons
waveback,Waveback,- waveback: wave back to people that wave/check you.,https://github.com/lili-ffxi/FFXI-Addons/blob/HEAD/README.md,medium,general_qol,1,35,4,4.83,lili-ffxi/FFXI-Addons
weathermon,Weathermon,"# Lili's Addons A collection of addons I wrote for Final Fantasy XI, compatible with the Windower launcher.",https://github.com/lili-ffxi/FFXI-Addons/blob/HEAD/README.md,medium,general_qol,1,35,4,4.83,lili-ffxi/FFXI-Addons
weeklier,Weeklier,# Weeklier An Ashita v4 addon for HorizonXI that tracks weekly quest completion across all of your characters.,https://github.com/patheed-ffxi/weeklier/blob/HEAD/README.md,medium,general_qol,1,0,5,4.2,patheed-ffxi/weeklier
wheel,Wheel,"## addons - xitools is a suite of UI replacement components, check its README for details - recast is a fork of recast that has been imgui-fied - skillchain tracks active and potential skillchains and magic bursts - whee",https://github.com/mousseng/xitools/blob/HEAD/README.md,medium,general_qol,1,29,4,4.83,mousseng/xitools
where,Where,## Some of my other repositories - Addon_Manager - PartyBars - WarpMenu - XIVPetBars - StoreMats - ShoutAlert - InstanceNotifier ### _Be sure to check my list of respositories.,https://github.com/Icydeath/ffxi-addons/blob/HEAD/README.md,medium,general_qol,1,69,1,3.43,Icydeath/ffxi-addons
widescan,Widescan,Expose underlying FFXI widescan functions and info to lua addons.,https://github.com/Darkdoom22/Widescan,medium,general_qol,1,1,1,4.0,Darkdoom22/Widescan
widescantool,Widescantool,"**Author:** Mujihina **Version:** v 1.1 # Widescantool # This addon will offer you filters and alerts for widescan data, and proximity notification alerts.",https://github.com/Icydeath/ffxi-addons/blob/HEAD/widescantool/README.md,medium,general_qol,1,69,1,3.43,Icydeath/ffxi-addons
witnessprotection,Witnessprotection,"# Lili's Addons A collection of addons I wrote for Final Fantasy XI, compatible with the Windower launcher.",https://github.com/lili-ffxi/FFXI-Addons/blob/HEAD/README.md,medium,general_qol,1,35,4,4.83,lili-ffxi/FFXI-Addons
woehelper,Woehelper,## Some of my other repositories - Addon_Manager - PartyBars - WarpMenu - XIVPetBars - StoreMats - ShoutAlert - InstanceNotifier ### _Be sure to check my list of respositories.,https://github.com/Icydeath/ffxi-addons/blob/HEAD/README.md,medium,automation,1,69,1,3.43,Icydeath/ffxi-addons
xichecklist,XIchecklist,## **Usage**: | Command | Description | |---|---| | //lua load xichecklist | load then <ins>**zone**</ins> to get the UI menu updated | | //xic help | print help in chatlog | | //xic hide | hide the UI | | //xic show | s,https://github.com/HiPotionQ8/XIchecklist/blob/HEAD/README.md,medium,travel_navigation,1,4,5,4.83,HiPotionQ8/XIchecklist
xipivot,XIpivot,The goals behind Pivot are simple: - no modifications to the original DAT / spw or bgw files - no more huge folder with thousands of anonymous files - the ability to sort Mods into separate folders for each mod - the abi,https://github.com/HealsCodes/XIPivot/blob/HEAD/README.md,medium,general_qol,1,61,4,4.83,HealsCodes/XIPivot
xitools,XItools,# xitools a collection of addons (and maybe some plugins) for Ashita v4 that I made.,https://github.com/mousseng/xitools/blob/HEAD/README.md,medium,general_qol,1,29,4,4.83,mousseng/xitools
xivcrossbar,XIvcrossbar,Update Log 01/25/2021 : Added DRGs pet command macros Steps to get XIVCrossbar working: 1) Install Autohotkey (https://www.autohotkey.com/) 2) Run FFXI Configuration tool and set up your gamepad to match ConfigureYourGam,https://github.com/Icydeath/ffxi-addons/blob/HEAD/xivcrossbar/README.md,medium,ui_gear,1,69,1,3.43,Icydeath/ffxi-addons
xivhotbar,XIvhotbar,"# XIVHotbar - [Version 0.5] This version is further work on SirEdeonX's original addon, you can check his work from here: https://github.com/SirEdeonX/FFXIAddons/tree/master/xivhotbar.",https://github.com/Akirane/XIVHotbar/blob/HEAD/README.md,medium,ui_gear,1,18,1,3.43,Akirane/XIVHotbar
xivhotbar2,XIvhotbar2,"Note: If playing Ranger, XIVHotbar2 with prioritize weapon changes to the range slot over main slot.",https://github.com/Technyze/XIVHotbar2/blob/HEAD/README.md,medium,ui_gear,1,13,1,3.78,Technyze/XIVHotbar2
xivparty,XIvparty,# XivParty A party list addon for Windower 4.,https://github.com/Tylas11/XivParty/blob/HEAD/README.md,medium,ui_gear,1,47,4,4.83,Tylas11/XivParty
yush,Yush,FFXI quality-of-life addon; see source for commands and configuration details.,heuristic,low,general_qol,1,17,1,3.43,mverteuil/windower4-addons
zenimonsnap,Zenimonsnap,ZenimonSnap Automatically equips and uses Soultrapper and Soultrapper 2000 efficiently.,https://github.com/Icydeath/ffxi-addons/blob/HEAD/ZenimonSnap/README.md,medium,general_qol,1,69,1,3.43,Icydeath/ffxi-addons
znmtracker,Znmtracker,"All commands must be preceded with either //znmtracker or //znmtrack or //znmt (ex: //znmt tin) - (no command)/show/hide - Show/hide tracker window. - check/list - List all pop, trophy, and key items this character has a",https://github.com/iLVL-Key/FFXI/blob/HEAD/addons/ZNMTracker/readme.md,high,general_qol,1,22,5,4.83,iLVL-Key/FFXI
zonelines,Zonelines,# ZoneLines v1.2.3 - Zone Line Visualizer for Ashita v4.3 Zone line visualizer for Ashita v4.3.,https://github.com/SQLCommit/ZoneLines/blob/HEAD/README.md,medium,travel_navigation,1,2,4,4.83,SQLCommit/ZoneLines
zonename,Zonename,# zonename This addon displays the zone and region name for a short time while changing zones.,https://github.com/Icydeath/ffxi-addons/blob/HEAD/zonename/README.md,medium,travel_navigation,1,69,1,3.43,Icydeath/ffxi-addons
zonetimer,Zonetimer,Commands: zonetimer posX # change the x position zonetimer posY # change the y position zonetimer fontsize # change the fontsize zoentimer help print these instructions in the log Original plugin by Krellion.,https://github.com/Icydeath/ffxi-addons/blob/HEAD/zonetimer/readme.md,medium,travel_navigation,3,69,1,1.86,Icydeath/ffxi-addons;Lygre/addons;mverteuil/windower4-addons
